{
  "description": "This is a system generated manifest of files expected to be present in this zip. It can be safely deleted.",
  "metadata": {
    "generated_at": "2023-12-01T13:05:28+00:00",
    "trigger": {
      "file_hashid": "unknown",
      "action": "unknown"
    }
  },
  "manifest": [
    {
      "filename": "CGIAR_Crop_Damage_Classification_Challenge_Starter.ipynb",
      "filesize": 25150,
      "description": "This is a starter notebook to help you make your first submission. If the file open weirdly you can ctrl-S and it will save to your download folder.",
      "created_at": "2023-12-01 13:05:14 UTC",
      "updated_at": "2023-12-01 13:05:28 UTC"
    },
    {
      "filename": "SampleSubmission.csv",
      "filesize": 173280,
      "description": "Is an example of what your submission file should look like. The order of the rows does not matter, but the names of the \"ID\" must be correct.",
      "created_at": "2023-10-18 09:12:29 UTC",
      "updated_at": "2023-10-18 09:13:23 UTC"
    },
    {
      "filename": "Test.csv",
      "filesize": 476477,
      "description": "Test resembles Train.csv but without the target-related columns. This is the dataset on which you will apply your model to.",
      "created_at": "2023-10-18 09:12:30 UTC",
      "updated_at": "2023-10-18 09:13:26 UTC"
    },
    {
      "filename": "Train.csv",
      "filesize": 1501597,
      "description": "Train contains the target. This is the dataset that you will use to train your model.",
      "created_at": "2023-10-18 09:12:30 UTC",
      "updated_at": "2023-10-18 09:13:29 UTC"
    },
    {
      "filename": "crop_damage_classification_data_download.ipynb",
      "filesize": 33769,
      "description": "Notebook you can use to access the image files stored in the S3 bucket",
      "created_at": "2023-10-25 10:37:39 UTC",
      "updated_at": "2023-10-25 10:37:55 UTC"
    }
  ]
}